{"cameraMode":{"drawMode":0,"name":"Shaded","section":"Shading Mode"},"sceneLighting":false,"audioPlay":false,"sceneViewState":{"m_AlwaysRefresh":false,"showFog":true,"showSkybox":false,"showFlares":true,"showImageEffects":true,"showParticleSystems":true,"showVisualEffectGraphs":true,"m_FxEnabled":true},"in2DMode":false,"pivot":{"x":-0.0008353590965270996,"y":1.297593116760254,"z":-0.023738384246826173},"rotation":{"x":0.02078343741595745,"y":-0.9425953030586243,"z":0.059756070375442508,"w":0.3279166519641876},"size":5.542515754699707,"orthographic":false}