{"cameraMode":{"drawMode":0,"name":"Shaded","section":"Shading Mode"},"sceneLighting":false,"audioPlay":false,"sceneViewState":{"showFog":true,"showMaterialUpdate":false,"showSkybox":false,"showFlares":true,"showImageEffects":true,"showParticleSystems":true},"in2DMode":false,"pivot":{"x":0.04655146598815918,"y":0.015386104583740235,"z":0.01757243275642395},"rotation":{"x":0.002024549525231123,"y":-0.9979864954948425,"z":0.0454396978020668,"w":0.044449105858802798},"size":2.7819366455078127,"orthographic":true}