{"cameraMode":{"drawMode":0,"name":"Shaded","section":"Shading Mode"},"sceneLighting":true,"audioPlay":false,"sceneViewState":{"showFog":true,"showMaterialUpdate":false,"showSkybox":true,"showFlares":true,"showImageEffects":true,"showParticleSystems":true},"in2DMode":false,"pivot":{"x":-8.81149673461914,"y":1.425296425819397,"z":-8.658817291259766},"rotation":{"x":-0.014184688217937947,"y":-0.8170379996299744,"z":0.01997394673526287,"w":-0.5761216282844544},"size":2.8570797443389894,"orthographic":false}