{"cameraMode":{"drawMode":0,"name":"Shaded","section":"Shading Mode"},"sceneLighting":false,"audioPlay":false,"sceneViewState":{"showFog":true,"showMaterialUpdate":false,"showSkybox":false,"showFlares":true,"showImageEffects":true,"showParticleSystems":true},"in2DMode":false,"pivot":{"x":0.0,"y":3.1042726039886476,"z":-2.0450456142425539},"rotation":{"x":0.027280133217573167,"y":0.9697824120521545,"z":-0.20549555122852326,"w":0.12874731421470643},"size":4.194410800933838,"orthographic":false}