{"cameraMode":{"drawMode":0,"name":"Shaded","section":"Shading Mode"},"sceneLighting":true,"audioPlay":false,"sceneViewState":{"showFog":true,"showMaterialUpdate":false,"showSkybox":true,"showFlares":true,"showImageEffects":true,"showParticleSystems":true},"in2DMode":false,"pivot":{"x":-12.591962814331055,"y":-0.3903200626373291,"z":-27.778873443603517},"rotation":{"x":0.00012825200974475592,"y":-0.9993512034416199,"z":0.03649279847741127,"w":0.005332592874765396},"size":15.663912773132325,"orthographic":false}