{"cameraMode":{"drawMode":0,"name":"Shaded","section":"Shading Mode"},"sceneLighting":true,"audioPlay":false,"sceneViewState":{"showFog":true,"showMaterialUpdate":false,"showSkybox":true,"showFlares":true,"showImageEffects":true,"showParticleSystems":true},"in2DMode":false,"pivot":{"x":19.001466751098634,"y":-2.1803805828094484,"z":-1.0204100608825684},"rotation":{"x":-0.15120743215084077,"y":-0.7323216199874878,"z":0.1725727766752243,"w":-0.6411910653114319},"size":6.313077449798584,"orthographic":false}