{"cameraMode":{"drawMode":0,"name":"Shaded","section":"Shading Mode"},"sceneLighting":true,"audioPlay":false,"sceneViewState":{"showFog":true,"showMaterialUpdate":false,"showSkybox":true,"showFlares":true,"showImageEffects":true,"showParticleSystems":true},"in2DMode":false,"pivot":{"x":0.5229378938674927,"y":2.3845767974853517,"z":-8.381315231323243},"rotation":{"x":0.0018079348374158145,"y":-0.9781296849250794,"z":-0.008305707946419716,"w":-0.20795679092407227},"size":0.6179713010787964,"orthographic":false}