{"cameraMode":{"drawMode":0,"name":"Shaded","section":"Shading Mode"},"sceneLighting":true,"audioPlay":false,"sceneViewState":{"showFog":true,"showMaterialUpdate":false,"showSkybox":true,"showFlares":true,"showImageEffects":true,"showParticleSystems":true},"in2DMode":false,"pivot":{"x":10.424479484558106,"y":-7.7703537940979,"z":-49.18712615966797},"rotation":{"x":0.0188890490680933,"y":0.9727192521095276,"z":-0.08532536029815674,"w":0.2150402069091797},"size":29.076915740966798,"orthographic":false}