{"cameraMode":{"drawMode":0,"name":"Shaded","section":"Shading Mode"},"sceneLighting":false,"audioPlay":false,"sceneViewState":{"showFog":true,"showMaterialUpdate":false,"showSkybox":false,"showFlares":true,"showImageEffects":true,"showParticleSystems":true},"in2DMode":false,"pivot":{"x":7.241981029510498,"y":0.0,"z":10.005000114440918},"rotation":{"x":0.06269580125808716,"y":-0.7861548066139221,"z":0.08086404204368592,"w":0.609521210193634},"size":0.8493159413337708,"orthographic":true}