{"cameraMode":{"drawMode":0,"name":"Shaded","section":"Shading Mode"},"sceneLighting":true,"audioPlay":false,"sceneViewState":{"showFog":true,"showMaterialUpdate":false,"showSkybox":true,"showFlares":true,"showImageEffects":true,"showParticleSystems":true},"in2DMode":false,"pivot":{"x":41.4521484375,"y":0.9615478515625,"z":-8.56689453125},"rotation":{"x":-0.034844525158405307,"y":0.877877950668335,"z":0.06464049965143204,"w":0.47322094440460207},"size":43.823726654052737,"orthographic":true}