{"cameraMode":{"drawMode":0,"name":"Shaded","section":"Shading Mode"},"sceneLighting":true,"audioPlay":false,"sceneViewState":{"showFog":true,"showMaterialUpdate":false,"showSkybox":true,"showFlares":true,"showImageEffects":true,"showParticleSystems":true},"in2DMode":false,"pivot":{"x":-12.55106258392334,"y":0.8365482091903687,"z":0.23262429237365724},"rotation":{"x":0.005490276496857405,"y":-0.9702966213226318,"z":0.24085429310798646,"w":0.02211867645382881},"size":1.6572091579437256,"orthographic":false}