{"cameraMode":{"drawMode":0,"name":"Shaded","section":"Shading Mode"},"sceneLighting":true,"audioPlay":false,"sceneViewState":{"showFog":true,"showMaterialUpdate":false,"showSkybox":true,"showFlares":true,"showImageEffects":true,"showParticleSystems":true},"in2DMode":false,"pivot":{"x":-12.584803581237793,"y":1.6463022232055665,"z":-3.286289691925049},"rotation":{"x":0.009304883889853955,"y":-0.03504970297217369,"z":0.00029138976242393255,"w":0.999366283416748},"size":3.781358480453491,"orthographic":false}