{"cameraMode":{"drawMode":0,"name":"Shaded","section":"Shading Mode"},"sceneLighting":true,"audioPlay":false,"sceneViewState":{"showFog":true,"showMaterialUpdate":false,"showSkybox":true,"showFlares":true,"showImageEffects":true,"showParticleSystems":true},"in2DMode":false,"pivot":{"x":-10.39227294921875,"y":1.4724276065826417,"z":1.0262641906738282},"rotation":{"x":-0.0017274839337915183,"y":0.9800695776939392,"z":-0.1984756737947464,"w":-0.00852588564157486},"size":1.3274791240692139,"orthographic":false}