{"cameraMode":{"drawMode":0,"name":"Shaded","section":"Shading Mode"},"sceneLighting":true,"audioPlay":false,"sceneViewState":{"showFog":true,"showMaterialUpdate":false,"showSkybox":true,"showFlares":true,"showImageEffects":true,"showParticleSystems":true},"in2DMode":false,"pivot":{"x":-10.719388008117676,"y":1.5959359407424927,"z":-6.464752674102783},"rotation":{"x":-0.2778165936470032,"y":-0.7033473253250122,"z":0.3557649254798889,"w":-0.5491750836372376},"size":0.5106312036514282,"orthographic":false}