{"cameraMode":{"drawMode":0,"name":"Shaded","section":"Shading Mode"},"sceneLighting":true,"audioPlay":false,"sceneViewState":{"showFog":true,"showMaterialUpdate":false,"showSkybox":true,"showFlares":true,"showImageEffects":true,"showParticleSystems":true},"in2DMode":false,"pivot":{"x":-13.278918266296387,"y":2.428255319595337,"z":-6.446826934814453},"rotation":{"x":-0.00047758722212165594,"y":-0.9935457110404968,"z":-0.004163508769124746,"w":0.11349223554134369},"size":3.4187397956848146,"orthographic":false}