{"cameraMode":{"drawMode":0,"name":"Shaded","section":"Shading Mode"},"sceneLighting":true,"audioPlay":false,"sceneViewState":{"showFog":true,"showMaterialUpdate":false,"showSkybox":true,"showFlares":true,"showImageEffects":true,"showParticleSystems":true},"in2DMode":false,"pivot":{"x":6.648464202880859,"y":2.3967692852020265,"z":-1.008689284324646},"rotation":{"x":0.01673031598329544,"y":-0.8045210242271423,"z":-0.022684624418616296,"w":-0.5932611227035523},"size":1.695962905883789,"orthographic":false}