{"cameraMode":{"drawMode":0,"name":"Shaded","section":"Shading Mode"},"sceneLighting":false,"audioPlay":false,"sceneViewState":{"showFog":true,"showMaterialUpdate":false,"showSkybox":false,"showFlares":true,"showImageEffects":true,"showParticleSystems":true},"in2DMode":false,"pivot":{"x":-2.625889301300049,"y":-1.033334493637085,"z":12.638004302978516},"rotation":{"x":-0.0007187750888988376,"y":0.9623438715934753,"z":0.0025927238166332247,"w":0.27189135551452639},"size":1.0530503988265992,"orthographic":false}