{"cameraMode":{"drawMode":0,"name":"Shaded","section":"Shading Mode"},"sceneLighting":true,"audioPlay":false,"sceneViewState":{"showFog":true,"showMaterialUpdate":false,"showSkybox":true,"showFlares":true,"showImageEffects":true,"showParticleSystems":true},"in2DMode":false,"pivot":{"x":2.7797861099243166,"y":0.6374876499176025,"z":-7.025106430053711},"rotation":{"x":-0.058092206716537479,"y":-0.8126848340034485,"z":0.08218212425708771,"w":-0.5739883780479431},"size":1.377838373184204,"orthographic":false}