{"cameraMode":{"drawMode":0,"name":"Shaded","section":"Shading Mode"},"sceneLighting":true,"audioPlay":false,"sceneViewState":{"showFog":true,"showMaterialUpdate":false,"showSkybox":true,"showFlares":true,"showImageEffects":true,"showParticleSystems":true},"in2DMode":false,"pivot":{"x":0.07714063674211502,"y":0.12611380219459535,"z":-7.934074401855469},"rotation":{"x":-0.06545326113700867,"y":0.9259317517280579,"z":-0.320261687040329,"w":-0.1892390251159668},"size":0.6990966796875,"orthographic":false}