{"cameraMode":{"drawMode":0,"name":"Shaded","section":"Shading Mode"},"sceneLighting":false,"audioPlay":false,"sceneViewState":{"showFog":true,"showMaterialUpdate":false,"showSkybox":true,"showFlares":true,"showImageEffects":true,"showParticleSystems":true},"in2DMode":false,"pivot":{"x":-8.655008316040039,"y":-5.127617835998535,"z":-4.502647399902344},"rotation":{"x":-0.20109619200229646,"y":0.6003463864326477,"z":-0.15938419103622437,"w":-0.7574648857116699},"size":6.538200378417969,"orthographic":false}