{"cameraMode":{"drawMode":0,"name":"Shaded","section":"Shading Mode"},"sceneLighting":false,"audioPlay":false,"sceneViewState":{"showFog":true,"showMaterialUpdate":false,"showSkybox":true,"showFlares":true,"showImageEffects":true,"showParticleSystems":true},"in2DMode":false,"pivot":{"x":7.3625264167785648,"y":-0.020656157284975053,"z":-6.83476448059082},"rotation":{"x":-0.03444845601916313,"y":0.7169627547264099,"z":-0.03551824390888214,"w":-0.6953562498092651},"size":1.9602458477020264,"orthographic":false}