{"cameraMode":{"drawMode":0,"name":"Shaded","section":"Shading Mode"},"sceneLighting":false,"audioPlay":false,"sceneViewState":{"showFog":true,"showMaterialUpdate":false,"showSkybox":false,"showFlares":true,"showImageEffects":true,"showParticleSystems":true},"in2DMode":false,"pivot":{"x":-41.9900016784668,"y":-3.8580002784729006,"z":-3.0199999809265138},"rotation":{"x":-0.11774292588233948,"y":-0.404319703578949,"z":0.052580200135707858,"w":-0.9054867029190064},"size":3.017167091369629,"orthographic":false}