{"cameraMode":{"drawMode":0,"name":"Shaded","section":"Shading Mode"},"sceneLighting":true,"audioPlay":false,"sceneViewState":{"showFog":true,"showMaterialUpdate":false,"showSkybox":true,"showFlares":true,"showImageEffects":true,"showParticleSystems":true},"in2DMode":false,"pivot":{"x":-2.5492477416992189,"y":-0.6841139793395996,"z":-0.8707537651062012},"rotation":{"x":0.0960778072476387,"y":-0.8379305005073547,"z":0.15664295852184297,"w":0.5139256715774536},"size":20.710683822631837,"orthographic":false}