{"cameraMode":{"drawMode":0,"name":"Shaded","section":"Shading Mode"},"sceneLighting":true,"audioPlay":false,"sceneViewState":{"showFog":true,"showMaterialUpdate":false,"showSkybox":true,"showFlares":true,"showImageEffects":true,"showParticleSystems":true},"in2DMode":false,"pivot":{"x":-4.7858052253723148,"y":-9.708234786987305,"z":51.92234802246094},"rotation":{"x":0.10780550539493561,"y":-0.07333551347255707,"z":0.007992788217961789,"w":0.9914612770080566},"size":32.59410858154297,"orthographic":false}