{"cameraMode":{"drawMode":0,"name":"Shaded","section":"Shading Mode"},"sceneLighting":false,"audioPlay":false,"sceneViewState":{"showFog":true,"showMaterialUpdate":false,"showSkybox":true,"showFlares":true,"showImageEffects":true,"showParticleSystems":true},"in2DMode":false,"pivot":{"x":-7.099240779876709,"y":0.1184854507446289,"z":9.755282402038575},"rotation":{"x":-0.1386834979057312,"y":0.752027690410614,"z":-0.16762293875217439,"w":-0.6221932768821716},"size":6.4773101806640629,"orthographic":false}